{"accuracy": 0.57792, "f1_score": 0.5788497758170094}