{"accuracy": 0.54832, "f1_score": 0.5442540490524473}